Year,URL
All-Star Game,https://www.baseball-almanac.com//asgmenu.shtml
A.L.C.S. & N.L.C.S.,https://www.baseball-almanac.com//League_Championship_Series.shtml
Awards,https://www.baseball-almanac.com//me_award.shtml
Ballparks,https://www.baseball-almanac.com//stadium.shtml
College Baseball,https://www.baseball-almanac.com//college/colleges.shtml
Division Series,https://www.baseball-almanac.com//division_series/division_series.shtml
Draft,https://www.baseball-almanac.com//draft/baseball_draft.shtml
Managers,https://www.baseball-almanac.com//mgrmenu.shtml
Opening Day,https://www.baseball-almanac.com//opening_day/opening_day.shtml
Team by Team,https://www.baseball-almanac.com//teammenu.shtml
Trades Database,https://www.baseball-almanac.com//MLB_Trades_Database.shtml
Umpires,https://www.baseball-almanac.com//umpiresmenu.shtml
Wild Card Game,https://www.baseball-almanac.com//wild_card/MLB_Wild_Card_Game.shtml
World Series,https://www.baseball-almanac.com//ws/wsmenu.shtml
Year by Year,https://www.baseball-almanac.com//yearmenu.shtml
Baseball Families,https://www.baseball-almanac.com//fammenu.shtml
Biographies,https://www.baseball-almanac.com//players/baseball_biographies.shtml
Birthplace Analysis,https://www.baseball-almanac.com//players/birthplace.php
Fabulous Feats,https://www.baseball-almanac.com//featmenu.shtml
Famous Firsts,https://www.baseball-almanac.com//frstmenu.shtml
Grave Sites,https://www.baseball-almanac.com//graves/baseball_graves.shtml
Hall of Fame,https://www.baseball-almanac.com//hofmenu.shtml
Interviews,https://www.baseball-almanac.com//players/baseball_interviews.shtml
Obituaries,https://www.baseball-almanac.com//deaths/chart/baseball_player_obituaries.shtml
Place of Death Analysis,https://www.baseball-almanac.com//players/deathplace.php
The Ballplayers,https://www.baseball-almanac.com//players/ballplayer.shtml
Quotes,https://www.baseball-almanac.com//quomenu.shtml
Year of Birth Analysis,https://www.baseball-almanac.com//players/baseball_births.php
Year of Death Analysis,https://www.baseball-almanac.com//players/baseball_deaths.php
Attendance Data,https://www.baseball-almanac.com//baseball_attendance.shtml
Hitting Charts,https://www.baseball-almanac.com//himenu.shtml
Pitching Charts,https://www.baseball-almanac.com//pimenu.shtml
Record Books,https://www.baseball-almanac.com//rb_menu.shtml
Statmaster,https://www.baseball-almanac.com//teamstats/statmaster.php
"1,500 Oldest Players",https://www.baseball-almanac.com//players/Oldest_Living_Baseball_Players.php
Autographs,https://www.baseball-almanac.com//automenu.shtml
Baseball Cards,https://www.baseball-almanac.com//baseball_cards/baseball_cards.php
Baseball Charts,https://www.baseball-almanac.com//charts/baseball_charts.shtml
Baseball Lists,https://www.baseball-almanac.com//limenu.shtml
Book Shelf,https://www.baseball-almanac.com//bookmenu.shtml
Cups of Coffee,https://www.baseball-almanac.com//players/Cups_of_Coffee.php
Fun & Games,https://www.baseball-almanac.com//gam_menu.shtml
Humor & Jokes,https://www.baseball-almanac.com//humomenu.shtml
Movie Time,https://www.baseball-almanac.com//mve_time.shtml
News Feeds,https://www.baseball-almanac.com//news.php
Poetry & Song,https://www.baseball-almanac.com//poems.shtml
Research Articles,https://www.baseball-almanac.com//articles/articles.shtml
Uniform Numbers,https://www.baseball-almanac.com//baseball_uniform_numbers.shtml
U.S. Presidents,https://www.baseball-almanac.com//prz_menu.shtml
Advertising,https://www.baseball-almanac.com//about.shtml
Blog,https://www.baseball-almanac.com//blog/
Dictionary,https://www.baseball-almanac.com//dictionary.php
Feedback,https://www.baseball-almanac.com//feedmenu.shtml
Newsletter,https://www.baseball-almanac.com//mlmstart.shtml
Rules,https://www.baseball-almanac.com//rulemenu.shtml
Scoring,https://www.baseball-almanac.com//scoring.shtml
Search & Find,https://www.baseball-almanac.com//Search.shtml
Stats 101,https://www.baseball-almanac.com//bstatmen.shtml
